First Name,Last Name,Email,Password
pras1,Yadav,pras1@mailinator.com,12349876
piyush1,Yadav,piyush1@mailinator.com,12349876
pal1,Yadav,pal1@mailinator.com,12349876
push1,Yadav,push1@mailinator.com,12349877
pras2,Yadav,pras2@mailinator.com,12349878
piyush2,Yadav,piyush2@mailinator.com,12349879
pal2,Yadav,pal2@mailinator.com,12349880
push2,Yadav,push2@mailinator.com,12349881
pras3,Yadav,pras3@mailinator.com,12349882
piyush3,Yadav,piyush3@mailinator.com,12349883
pal3,Yadav,pal3@mailinator.com,12349884
push3,Yadav,push3@mailinator.com,12349885
pras4,Yadav,pras4@mailinator.com,12349886
piyush4,Yadav,piyush4@mailinator.com,12349887
pal4,Yadav,pal4@mailinator.com,12349888
push4,Yadav,push4@mailinator.com,12349889
pras5,Yadav,pras5@mailinator.com,12349890
piyush5,Yadav,piyush5@mailinator.com,12349891
pal5,Yadav,pal5@mailinator.com,12349892
push5,Yadav,push5@mailinator.com,12349893
pras6,Yadav,pras6@mailinator.com,12349894
piyush6,Yadav,piyush6@mailinator.com,12349895
pal6,Yadav,pal6@mailinator.com,12349896
push6,Yadav,push6@mailinator.com,12349897
pras7,Yadav,pras7@mailinator.com,12349898
piyush7,Yadav,piyush7@mailinator.com,12349899
pal7,Yadav,pal7@mailinator.com,12349900
push7,Yadav,push7@mailinator.com,12349901
pras8,Yadav,pras8@mailinator.com,12349902
piyush8,Yadav,piyush8@mailinator.com,12349903
pal8,Yadav,pal8@mailinator.com,12349904
push8,Yadav,push8@mailinator.com,12349905
pras9,Yadav,pras9@mailinator.com,12349906
piyush9,Yadav,piyush9@mailinator.com,12349907
pal9,Yadav,pal9@mailinator.com,12349908
push9,Yadav,push9@mailinator.com,12349909
pras10,Yadav,pras10@mailinator.com,12349910
piyush10,Yadav,piyush10@mailinator.com,12349911
pal10,Yadav,pal10@mailinator.com,12349912
push10,Yadav,push10@mailinator.com,12349913
pras11,Yadav,pras11@mailinator.com,12349914
piyush11,Yadav,piyush11@mailinator.com,12349915
pal11,Yadav,pal11@mailinator.com,12349916
push11,Yadav,push11@mailinator.com,12349917
pras12,Yadav,pras12@mailinator.com,12349918
piyush12,Yadav,piyush12@mailinator.com,12349919
pal12,Yadav,pal12@mailinator.com,12349920
push12,Yadav,push12@mailinator.com,12349921
pras13,Yadav,pras13@mailinator.com,12349922
piyush13,Yadav,piyush13@mailinator.com,12349923
pal13,Yadav,pal13@mailinator.com,12349924
push13,Yadav,push13@mailinator.com,12349925
pras14,Yadav,pras14@mailinator.com,12349926
piyush14,Yadav,piyush14@mailinator.com,12349927
pal14,Yadav,pal14@mailinator.com,12349928
push14,Yadav,push14@mailinator.com,12349929
pras15,Yadav,pras15@mailinator.com,12349930
piyush15,Yadav,piyush15@mailinator.com,12349931
pal15,Yadav,pal15@mailinator.com,12349932
push15,Yadav,push15@mailinator.com,12349933
pras16,Yadav,pras16@mailinator.com,12349934
piyush16,Yadav,piyush16@mailinator.com,12349935
pal16,Yadav,pal16@mailinator.com,12349936
push16,Yadav,push16@mailinator.com,12349937
pras17,Yadav,pras17@mailinator.com,12349938
piyush17,Yadav,piyush17@mailinator.com,12349939
pal17,Yadav,pal17@mailinator.com,12349940
push17,Yadav,push17@mailinator.com,12349941
pras18,Yadav,pras18@mailinator.com,12349942
piyush18,Yadav,piyush18@mailinator.com,12349943
pal18,Yadav,pal18@mailinator.com,12349944
push18,Yadav,push18@mailinator.com,12349945
pras19,Yadav,pras19@mailinator.com,12349946
piyush19,Yadav,piyush19@mailinator.com,12349947
pal19,Yadav,pal19@mailinator.com,12349948
push19,Yadav,push19@mailinator.com,12349949
pras20,Yadav,pras20@mailinator.com,12349950
piyush20,Yadav,piyush20@mailinator.com,12349951
pal20,Yadav,pal20@mailinator.com,12349952
push20,Yadav,push20@mailinator.com,12349953
pras21,Yadav,pras21@mailinator.com,12349954
piyush21,Yadav,piyush21@mailinator.com,12349955
pal21,Yadav,pal21@mailinator.com,12349956
push21,Yadav,push21@mailinator.com,12349957
pras22,Yadav,pras22@mailinator.com,12349958
piyush22,Yadav,piyush22@mailinator.com,12349959
pal22,Yadav,pal22@mailinator.com,12349960
push22,Yadav,push22@mailinator.com,12349961
pras23,Yadav,pras23@mailinator.com,12349962
piyush23,Yadav,piyush23@mailinator.com,12349963
pal23,Yadav,pal23@mailinator.com,12349964
push23,Yadav,push23@mailinator.com,12349965
pras24,Yadav,pras24@mailinator.com,12349966
piyush24,Yadav,piyush24@mailinator.com,12349967
pal24,Yadav,pal24@mailinator.com,12349968
push24,Yadav,push24@mailinator.com,12349969
pras25,Yadav,pras25@mailinator.com,12349970
piyush25,Yadav,piyush25@mailinator.com,12349971
pal25,Yadav,pal25@mailinator.com,12349972